{"text": " fastsl\u00e5 verdien av akkurat helt n\u00f8yaktig. Rikt nok har man beregnet at den \u00e5rlige frivillige innsatsen i Norge best\u00e5r av 142 000 \u00e5rsverk til en verdi av 78 miljarder kroner. Men hva er det egentlig vert at noen st\u00e5r opp tidlig en s\u00f8ndag for \u00e5 bake kake til en fotboekamp i \u00d6se? Hva er egentlig verdien av at en eldre dame bruker sin tid p\u00e5 \u00e5 gj\u00f8re en familie som er ny i Norge", "segments": [{"id": 1, "seek": 0, "start": 0.0, "end": 30.0, "text": " fastsl\u00e5 verdien av akkurat helt n\u00f8yaktig. Rikt nok har man beregnet at den \u00e5rlige frivillige innsatsen i Norge best\u00e5r av 142 000 \u00e5rsverk til en verdi av 78 miljarder kroner. Men hva er det egentlig vert at noen st\u00e5r opp tidlig en s\u00f8ndag for \u00e5 bake kake til en fotboekamp i \u00d6se? Hva er egentlig verdien av at en eldre dame bruker sin tid p\u00e5 \u00e5 gj\u00f8re en familie som er ny i Norge", "tokens": [2370, 10418, 1330, 6387, 1053, 1305, 9308, 33503, 267, 24821, 297, 6715, 88, 5886, 328, 13, 497, 9874, 33811, 2233, 587, 13375, 4568, 302, 412, 1441, 19525, 75, 3969, 431, 592, 373, 3969, 294, 3695, 1720, 268, 741, 426, 4685, 1151, 6057, 1305, 3499, 17, 13711, 19525, 82, 331, 74, 8440, 465, 6387, 72, 1305, 26369, 41128, 515, 260, 350, 2044, 260, 13, 6685, 276, 2757, 1189, 1141, 41170, 5073, 6509, 412, 572, 268, 37019, 1458, 9422, 5073, 465, 262, 6715, 273, 559, 337, 8841, 16562, 350, 619, 8440, 465, 15418, 1763, 916, 1215, 741, 9158, 405, 30, 389, 2757, 1189, 41170, 5073, 6387, 1053, 1305, 412, 465, 8912, 265, 274, 529, 48316, 260, 3343, 9422, 4170, 8841, 20249, 35435, 465, 4085, 414, 3307, 1189, 18052, 741, 426, 4685], "avg_logprob": -0.17436275413403143, "compression_ratio": 1.531496062992126, "no_speech_prob": 0.030726684257388115, "words": null, "temperature": 0.0}], "language": "no"}