{"text": " Ja, da \u00f8nsker vi ogs\u00e5 litt notasjon som er musikalsk-impliceret.", "segments": [{"id": 1, "seek": 0, "start": 0.21, "end": 11.01, "text": " Ja, da \u00f8nsker vi ogs\u00e5 litt notasjon som er musikalsk-impliceret.", "tokens": [3530, 11, 1120, 43008, 3695, 5767, 1932, 23864, 30267, 406, 296, 15735, 3307, 1189, 1038, 1035, 1124, 74, 12, 332, 4770, 260, 302, 13], "avg_logprob": -0.3101222133636475, "compression_ratio": 0.9054054054054054, "no_speech_prob": 0.0054153758101165295, "words": null, "temperature": 0.0}], "language": "no"}