{"text": " Hei og hundre kanger velkommen til R\u00f8d, fin, vakker, gr\u00f8n, reimbue, greia.", "segments": [{"id": 1, "seek": 0, "start": 5.1, "end": 15.0, "text": " Hei og hundre kanger velkommen til R\u00f8d, fin, vakker, gr\u00f8n, reimbue, greia.", "tokens": [634, 72, 5360, 276, 997, 265, 350, 3176, 14610, 13675, 8440, 497, 6715, 67, 11, 962, 11, 31647, 5767, 11, 677, 6715, 77, 11, 319, 17306, 622, 11, 6066, 654, 13], "avg_logprob": -0.40873855259269476, "compression_ratio": 0.9871794871794872, "no_speech_prob": 0.015807699412107468, "words": null, "temperature": 0.0}], "language": "no"}