{"text": " Programmet er satt opp til \u00e5 lyte p\u00e5 standard mikrofonen etter ord som kan kobles til musikk.", "segments": [{"id": 1, "seek": 0, "start": 0.69, "end": 9.02, "text": " Programmet er satt opp til \u00e5 lyte p\u00e5 standard mikrofonen etter ord som kan kobles til musikk.", "tokens": [8338, 5537, 1189, 262, 1591, 1458, 8440, 8841, 17293, 975, 4170, 3832, 23959, 340, 14338, 268, 1030, 391, 4792, 3307, 4608, 43057, 904, 8440, 1038, 26301, 13], "avg_logprob": -0.1593276411294937, "compression_ratio": 1.103448275862069, "no_speech_prob": 0.0013492369325831532, "words": null, "temperature": 0.0}], "language": "no"}